﻿Firstname;Lastname;Email;Type;Text;Category;"Color Hexa";"Color Label";Likes;Created;File
Usama;Khan;usamawahabkhan@gmail.com;image;http://esi.microsoft.com;Link;#ffe775;;0;"7/18/22, 5:03 PM";1-media-org.png
Usama;Khan;usamawahabkhan@gmail.com;image;;;#ffe775;;0;"7/18/22, 5:03 PM";2-media-org.png
Usama;Khan;usamawahabkhan@gmail.com;image;;;#ffe775;;0;"7/18/22, 5:03 PM";3-media-org.png
Usama;Khan;usamawahabkhan@gmail.com;text;https://www.thomasmaurer.ch/2020/03/how-to-take-a-microsoft-certification-exam-online/;Link;#ffe775;;0;"7/18/22, 5:03 PM"
Usama;Khan;usamawahabkhan@gmail.com;text;"https://aka.ms/esilabs LODS";"Lab setup";#ffe775;;0;"7/18/22, 5:03 PM"
Usama;Khan;usamawahabkhan@gmail.com;image;;;#ffe775;;0;"7/18/22, 5:03 PM";4-media-org.png
Usama;Khan;usamawahabkhan@gmail.com;image;;;#ffe775;;0;"7/18/22, 5:03 PM";5-media-org.png
Usama;Khan;usamawahabkhan@gmail.com;image;;;#ffe775;;0;"7/18/22, 5:03 PM";6-media-org.png
Usama;Khan;usamawahabkhan@gmail.com;text;https://docs.microsoft.com/en-us/learn/certifications/exams/az-400;Link;#ffe775;;0;"7/18/22, 5:03 PM"
Usama;Khan;usamawahabkhan@gmail.com;text;"https://aka.ms/az400labs Lab Overview";"Lab setup";#ffe775;;0;"7/18/22, 5:03 PM"
Usama;Khan;usamawahabkhan@gmail.com;text;https://aka.ms/LxPExamDiscountVideo;Link;#ffe775;;0;"7/18/22, 5:03 PM"
Usama;Khan;usamawahabkhan@gmail.com;text;"https://account.microsoft.com Create a Microsoft Account";"Lab setup";#ffe775;;0;"7/18/22, 5:03 PM"
Usama;Khan;usamawahabkhan@gmail.com;text;https://aka.ms/learn;Link;#afe7c9;Links;0;"7/18/22, 5:03 PM"
Usama;Khan;usamawahabkhan@gmail.com;text;"https://github.com/MicrosoftLearning/AZ400-DesigningandImplementingMicrosoftDevOpsSolutions Lab Repo";"Lab setup";#ffe775;;0;"7/18/22, 5:03 PM"
Usama;Khan;usamawahabkhan@gmail.com;text;"https://microsoftlearning.github.io/AZ400-DesigningandImplementingMicrosoftDevOpsSolutions/Instructions/Labs/AZ400_M00_Validate_lab_environment.html Lab 00";"Lab setup";#ffe775;;0;"7/18/22, 5:03 PM"
Usama;Khan;usamawahabkhan@gmail.com;text;"https://www.microsoftazuresponsorships.com/Balance Check your Balance";"Lab setup";#ffe775;;0;"7/18/22, 5:03 PM"
Usama;Khan;usamawahabkhan@gmail.com;text;"https://aka.ms/activatepass Azure Pass Redemption";"Lab setup";#ffe775;;0;"7/18/22, 5:03 PM"
Usama;Khan;usamawahabkhan@gmail.com;image;Michael;Avatar;#ffe775;;0;"7/18/22, 5:03 PM";7-media-org.jpeg
Usama;Khan;usamawahabkhan@gmail.com;image;Andy;Avatar;#c3f18c;;0;"7/18/22, 5:03 PM";8-media-org.png
Usama;Khan;usamawahabkhan@gmail.com;image;Tim;Avatar;#ffe775;;0;"7/18/22, 5:03 PM";9-media-org.png
Usama;Khan;usamawahabkhan@gmail.com;image;;;#ffe775;;0;"7/18/22, 5:03 PM";10-media-org.png
Usama;Khan;usamawahabkhan@gmail.com;image;Amita;Avatar;#ffe775;;0;"7/18/22, 5:03 PM";11-media-org.png
Usama;Khan;usamawahabkhan@gmail.com;image;Irwin;Avatar;#ffb1b1;;0;"7/18/22, 5:03 PM";12-media-org.png
Usama;Khan;usamawahabkhan@gmail.com;image;https://esisupport.microsoft.com;Link;#ffe775;;0;"7/18/22, 5:03 PM";13-media-org.png
Usama;Khan;usamawahabkhan@gmail.com;image;Mara;Avatar;#ffe775;;0;"7/18/22, 5:03 PM";14-media-org.png
Usama;Khan;usamawahabkhan@gmail.com;image;;;#ffe775;;0;"7/18/22, 5:03 PM";15-media-org.png
Usama;Khan;usamawahabkhan@gmail.com;image;;;#ffe775;;0;"7/18/22, 5:18 PM";16-media-org.jpeg
Usama;Khan;usamawahabkhan@gmail.com;text;https://esi.learnondemand.net/;;#ffe775;;0;"7/18/22, 5:19 PM"
Usama;Khan;usamawahabkhan@gmail.com;text;https://docs.microsoft.com/en-us/learn/certifications/devops-engineer/;;#ffe775;;0;"7/18/22, 5:19 PM"
Usama;Khan;usamawahabkhan@gmail.com;text;"LODS Training Key:";;#ffe775;;0;"7/18/22, 5:19 PM"
Usama;Khan;usamawahabkhan@gmail.com;text;https://microsoftlearning.github.io/AZ400-DesigningandImplementingMicrosoftDevOpsSolutions/;;#ffe775;;0;"7/18/22, 5:19 PM"
Usama;Khan;usamawahabkhan@gmail.com;text;https://github.com/Usamawahabkhan/az400-azure-DevOps;;#ffe775;;0;"7/18/22, 5:19 PM"
Usama;Khan;usamawahabkhan@gmail.com;text;https://github.com/timothywarner/az400;;#ffe775;;0;"7/18/22, 5:19 PM"
Usama;Khan;usamawahabkhan@gmail.com;text;https://microsoftlearning.github.io/AZ400-DesigningandImplementingMicrosoftDevOpsSolutions/;;#ffe775;;0;"7/18/22, 5:19 PM"
Usama;Khan;usamawahabkhan@gmail.com;text;https://www.azuredevopslabs.com/;;#ffe775;;0;"7/18/22, 5:19 PM"
Usama;Khan;usamawahabkhan@gmail.com;text;14E77FDDAC174898;;#ffe775;;0;"7/18/22, 5:22 PM"
Usama;Khan;usamawahabkhan@gmail.com;text;"There are seven exam study areas.";;#ffe775;;0;"7/18/22, 6:12 PM"
Usama;Khan;usamawahabkhan@gmail.com;text;"AZ-400 Domain Area Weight";;#ffe775;;0;"7/18/22, 6:12 PM"
Usama;Khan;usamawahabkhan@gmail.com;text;"Configure Processes and Communications. 10 - 15%";;#ffe775;;0;"7/18/22, 6:12 PM"
Usama;Khan;usamawahabkhan@gmail.com;text;"Design and Implement Source Control. 15 - 20%";;#ffe775;;0;"7/18/22, 6:12 PM"
Usama;Khan;usamawahabkhan@gmail.com;text;"Design and Implement Build and Release Pipelines. 40 - 45%";;#ffe775;;0;"7/18/22, 6:12 PM"
Usama;Khan;usamawahabkhan@gmail.com;text;"Develop a Security and Compliance Plan. 10 - 15%";;#ffe775;;0;"7/18/22, 6:12 PM"
Usama;Khan;usamawahabkhan@gmail.com;text;"Implement an Instrumentation Strategy. 10 - 15%";;#ffe775;;0;"7/18/22, 6:12 PM"
Usama;Khan;usamawahabkhan@gmail.com;text;https://docs.microsoft.com/en-us/learn/paths/az-900-describe-cloud-concepts/;;#ffe775;;0;"7/18/22, 6:20 PM"
Usama;Khan;usamawahabkhan@gmail.com;text;https://enterprise.klaxoon.com/join/NQJ8FKG;;#ffe775;;0;"7/18/22, 6:30 PM"
Usama;Khan;usamawahabkhan@gmail.com;text;https://query.prod.cms.rt.microsoft.com/cms/api/am/binary/RE4J5ea;;#ffe775;;0;"7/18/22, 6:33 PM"
Usama;Khan;usamawahabkhan@gmail.com;text;https://www.youtube.com/watch?v=zzMLg3Ys5vI;;#ffe775;;0;"7/18/22, 8:45 PM"
Usama;Khan;usamawahabkhan@gmail.com;text;https://docs.microsoft.com/en-us/dotnet/architecture/microservices/;;#ffe775;;0;"7/18/22, 8:45 PM"
Usama;Khan;usamawahabkhan@gmail.com;text;https://www.youtube.com/watch?v=bWZVx6TgVvc;;#ffe775;;0;"7/18/22, 8:45 PM"
Usama;Khan;usamawahabkhan@gmail.com;image;;;#ffe775;;0;"7/18/22, 8:50 PM";17-media-org.png
Usama;Khan;usamawahabkhan@gmail.com;image;;;#ffe775;;0;"7/18/22, 8:52 PM";18-media-org.png
Usama;Khan;usamawahabkhan@gmail.com;image;;;#ffe775;;0;"7/18/22, 9:03 PM";19-media-org.png
Usama;Khan;usamawahabkhan@gmail.com;image;;;#ffe775;;0;"7/18/22, 10:43 PM";20-media-org.png
Usama;Khan;usamawahabkhan@gmail.com;image;;;#ffe775;;0;"7/18/22, 10:51 PM";21-media-org.png
Usama;Khan;usamawahabkhan@gmail.com;text;https://docs.microsoft.com/en-us/azure/devops/boards/extensions/migrate-integrate?view=azure-devops;;#ffe775;;0;"7/18/22, 10:55 PM"
Usama;Khan;usamawahabkhan@gmail.com;text;https://puppet.com/resources/report/2021-state-of-devops-report;;#ffe775;;0;"7/18/22, 11:12 PM"
Usama;Khan;usamawahabkhan@gmail.com;image;Tim;Avatar;#ffe775;;0;"7/18/22, 11:16 PM";22-media-org.png
Usama;Khan;usamawahabkhan@gmail.com;image;Mara;Avatar;#ffe775;;0;"7/18/22, 11:16 PM";23-media-org.png
Usama;Khan;usamawahabkhan@gmail.com;image;Tim;Avatar;#ffe775;;0;"7/18/22, 11:21 PM";24-media-org.png
Usama;Khan;usamawahabkhan@gmail.com;image;Mara;Avatar;#ffe775;;0;"7/18/22, 11:21 PM";25-media-org.png
Usama;Khan;usamawahabkhan@gmail.com;text;https://github.com/progit/progit2/releases/download/2.1.348/progit.pdf;;#ffe775;;0;"7/19/22, 12:06 AM"
Usama;Khan;usamawahabkhan@gmail.com;image;;;#ffe775;;0;"7/19/22, 7:47 PM";26-media-org.png
Usama;Khan;usamawahabkhan@gmail.com;text;https://docs.microsoft.com/en-us/azure/devops/pipelines/agents/hosted?view=azure-devops&tabs=yaml;;#ffe775;;0;"7/19/22, 8:24 PM"
Usama;Khan;usamawahabkhan@gmail.com;text;https://docs.microsoft.com/en-us/azure/devops/pipelines/create-first-pipeline?view=azure-devops&tabs=java%2Ctfs-2018-2%2Cbrowser;;#ffe775;;0;"7/19/22, 9:01 PM"
Usama;Khan;usamawahabkhan@gmail.com;text;https://www.azuredevopslabs.com/labs/azuredevops/yaml/;;#ffe775;;0;"7/19/22, 9:02 PM"
Usama;Khan;usamawahabkhan@gmail.com;image;;;#ffe775;;0;"7/19/22, 9:06 PM";27-media-org.png
Usama;Khan;usamawahabkhan@gmail.com;text;https://azuredevopslabs.com/labs/vstsextend/Jenkins/;;#ffe775;;0;"7/19/22, 9:17 PM"
Usama;Khan;usamawahabkhan@gmail.com;text;https://docs.github.com/en/actions/using-workflows/workflow-syntax-for-github-actions;;#ffe775;;0;"7/19/22, 10:36 PM"
Usama;Khan;usamawahabkhan@gmail.com;text;https://docs.microsoft.com/en-us/learn/modules/intro-to-docker-containers/;;#ffe775;;0;"7/19/22, 11:04 PM"
Usama;Khan;usamawahabkhan@gmail.com;text;https://docs.microsoft.com/en-us/visualstudio/docker/tutorials/docker-tutorial;;#ffe775;;0;"7/19/22, 11:05 PM"
Usama;Khan;usamawahabkhan@gmail.com;image;;;#ffe775;;0;"7/19/22, 11:18 PM";28-media-org.png
Usama;Khan;usamawahabkhan@gmail.com;text;https://azure.microsoft.com/en-us/resources/kubernetes-learning-and-training/#overview;;#ffe775;;0;"7/19/22, 11:19 PM"
Usama;Khan;usamawahabkhan@gmail.com;text;https://enterprise.klaxoon.com/join/SHDA5JA;;#ffe775;;0;"7/20/22, 6:06 PM"
Usama;Khan;usamawahabkhan@gmail.com;image;;;#ffe775;;0;"7/20/22, 6:21 PM";29-media-org.png
Usama;Khan;usamawahabkhan@gmail.com;text;https://docs.microsoft.com/en-us/azure/devops/pipelines/tasks/?view=azure-devops;;#ffe775;;0;"7/20/22, 6:29 PM"
Usama;Khan;usamawahabkhan@gmail.com;text;https://docs.microsoft.com/en-us/azure/devops/extend/develop/add-build-task?view=azure-devops;;#ffe775;;0;"7/20/22, 6:30 PM"
Usama;Khan;usamawahabkhan@gmail.com;text;https://docs.microsoft.com/en-us/azure/devops/pipelines/release/variables?view=azure-devops&tabs=batch;;#ffe775;;0;"7/20/22, 8:04 PM"
Usama;Khan;usamawahabkhan@gmail.com;text;https://docs.microsoft.com/en-us/learn/paths/az-400-implement-secure-continuous-deployment/;;#ffe775;;0;"7/20/22, 8:36 PM"
Usama;Khan;usamawahabkhan@gmail.com;text;https://docs.microsoft.com/en-us/learn/modules/azure-key-vault/;;#ffe775;;0;"7/20/22, 8:54 PM"
Usama;Khan;usamawahabkhan@gmail.com;text;https://docs.microsoft.com/en-us/learn/modules/configure-and-manage-azure-key-vault/;;#ffe775;;0;"7/20/22, 8:54 PM"
Usama;Khan;usamawahabkhan@gmail.com;image;;;#ffe775;;0;"7/20/22, 11:55 PM";30-media-org.png
Usama;Khan;usamawahabkhan@gmail.com;image;;;#ffe775;;0;"7/21/22, 12:36 AM";31-media-org.png
Usama;Khan;usamawahabkhan@gmail.com;image;;;#ffe775;;0;"7/21/22, 10:24 PM";32-media-org.png
