﻿Firstname;Lastname;Email
Usama;Khan;usamawahabkhan@gmail.com
Akshay;Ashok;sa.akshay.1991@gmail.com
Alok;Saxena;aloksaxena_az400@hotmail.com
Alok;Saxena;aloksaxena_zoho@hotmail.com
Alok;Saxena;aloksaxena400@hotmail.com
Andrew;CONNIFF;anconnif@microsoft.com
Chandra;Sirigiri;chandratoday@gmail.com
Chelsea;Woolbright;chelsea_woolbright@dell.com
Durga;Sekaran;durgaameex@gmail.com
Dustin;Wehmeyer;dwehmeyer@costco.com
Fahim;Shah;shahff@hotmail.com
Fasi;Mohd;mfasiny@outlook.com
Gabriel;Espinola;gespinola@caloptima.org
Gyan;D;im.9y4n@hotmail.com
Gyan;D;im.9y4n@hotmail.com
"Jesús Rodrigo";"Ledesma Pérez";tom0014@live.com
Kalyana;Amudalapalli;akkrishna22@gmail.com
Manika;Taneja;manika.taneja@hcl.com
Manjeet;Pahwa;manjeet.pahwa@outlook.com
Michael;Niu;michael.niu@calgary.ca
Moshe;Battula;mobattul@stanford.edu
Mukesh;Kumar;mukesh.kumar@kyndryl.com
Satisha;KC;satishac@kyndryl.com
Vaibhav;Joshi;vaibhav.joshi5@wipro.com
Vaidhyanathan;Krishnan;kvaidhya@icloud.com
Vaidhyanthan;Krishnan;kvaidhua@icloud.com
"Vikram Reddy";Merugu;vikramrm2536@gmail.com
